Container	Memory-usage(MiB)
rfsim5g-oai-cucp	13160448
rfsim5g-oai-cucp	13365248
rfsim5g-oai-cucp	13381632
rfsim5g-oai-cucp	13398016
rfsim5g-oai-cucp	13414400
rfsim5g-oai-cucp	13430784
rfsim5g-oai-cucp	13438976
rfsim5g-oai-cucp	13459456
rfsim5g-oai-cucp	13471744
rfsim5g-oai-cucp	13484032
rfsim5g-oai-cucp	13500416
rfsim5g-oai-cucp	13520896
rfsim5g-oai-cucp	13524992
rfsim5g-oai-cucp	13545472
rfsim5g-oai-cucp	13553664
rfsim5g-oai-cucp	13570048
rfsim5g-oai-cucp	13582336
rfsim5g-oai-cucp	13602816
rfsim5g-oai-cucp	13611008
rfsim5g-oai-cucp	13668352
rfsim5g-oai-cucp	13676544
rfsim5g-oai-cucp	13692928
rfsim5g-oai-cucp	13709312
rfsim5g-oai-cucp	13721600
rfsim5g-oai-cucp	13737984
rfsim5g-oai-cucp	13750272
rfsim5g-oai-cucp	13762560
rfsim5g-oai-cucp	13783040
rfsim5g-oai-cucp	13819904
rfsim5g-oai-cucp	13807616
rfsim5g-oai-cucp	14684160
rfsim5g-oai-cucp	13840384
rfsim5g-oai-cucp	13852672
rfsim5g-oai-cucp	13864960
rfsim5g-oai-cucp	13877248
rfsim5g-oai-cucp	13893632
rfsim5g-oai-cucp	13914112
rfsim5g-oai-cucp	13922304
rfsim5g-oai-cucp	13938688
rfsim5g-oai-cucp	13950976
rfsim5g-oai-cucp	13971456
rfsim5g-oai-cucp	13979648
rfsim5g-oai-cucp	13996032
rfsim5g-oai-cucp	14008320
rfsim5g-oai-cucp	14024704
rfsim5g-oai-cucp	14036992
rfsim5g-oai-cucp	14053376
rfsim5g-oai-cucp	14065664
rfsim5g-oai-cucp	14082048
rfsim5g-oai-cucp	14094336
rfsim5g-oai-cucp	14110720
rfsim5g-oai-cucp	14127104
rfsim5g-oai-cucp	14139392
rfsim5g-oai-cucp	14151680
rfsim5g-oai-cucp	14168064
rfsim5g-oai-cucp	14180352
rfsim5g-oai-cucp	14196736
rfsim5g-oai-cucp	14209024
rfsim5g-oai-cucp	14225408
rfsim5g-oai-cucp	14237696
rfsim5g-oai-cucp	14258176
rfsim5g-oai-cucp	14266368
rfsim5g-oai-cucp	14282752
rfsim5g-oai-cucp	14295040
rfsim5g-oai-cucp	14311424
rfsim5g-oai-cucp	14323712
rfsim5g-oai-cucp	14344192
rfsim5g-oai-cucp	14352384
rfsim5g-oai-cucp	14368768
rfsim5g-oai-cucp	14381056
rfsim5g-oai-cucp	14397440
rfsim5g-oai-cucp	14540800
rfsim5g-oai-cucp	14426112
rfsim5g-oai-cucp	14442496
rfsim5g-oai-cucp	14454784
rfsim5g-oai-cucp	14471168
rfsim5g-oai-cucp	14487552
rfsim5g-oai-cucp	14499840
rfsim5g-oai-cucp	14516224
rfsim5g-oai-cucp	14532608
rfsim5g-oai-cucp	14540800
rfsim5g-oai-cucp	14561280
rfsim5g-oai-cucp	14573568
rfsim5g-oai-cucp	14585856
rfsim5g-oai-cucp	14598144
rfsim5g-oai-cucp	14614528
rfsim5g-oai-cucp	14630912
rfsim5g-oai-cucp	14647296
rfsim5g-oai-cucp	14655488
rfsim5g-oai-cucp	14671872
rfsim5g-oai-cucp	14684160
rfsim5g-oai-cucp	14704640
rfsim5g-oai-cucp	14716928
rfsim5g-oai-cucp	14733312
rfsim5g-oai-cucp	14745600
rfsim5g-oai-cucp	14757888
rfsim5g-oai-cucp	14770176
rfsim5g-oai-cucp	14786560
rfsim5g-oai-cucp	14798848
rfsim5g-oai-cucp	14815232
rfsim5g-oai-cucp	14831616
rfsim5g-oai-cucp	14843904
rfsim5g-oai-cucp	14864384
rfsim5g-oai-cucp	14880768
rfsim5g-oai-cucp	14893056
rfsim5g-oai-cucp	14905344
rfsim5g-oai-cucp	14921728
rfsim5g-oai-cucp	14934016
rfsim5g-oai-cucp	14950400
rfsim5g-oai-cucp	14962688
rfsim5g-oai-cucp	14983168
rfsim5g-oai-cucp	14991360
rfsim5g-oai-cucp	15011840
rfsim5g-oai-cucp	15020032
rfsim5g-oai-cucp	15036416
rfsim5g-oai-cucp	15048704
rfsim5g-oai-cucp	15065088
rfsim5g-oai-cucp	15077376
rfsim5g-oai-cucp	15093760
rfsim5g-oai-cucp	15110144
rfsim5g-oai-cucp	15126528
rfsim5g-oai-cucp	15142912
rfsim5g-oai-cucp	15155200
rfsim5g-oai-cucp	15167488
rfsim5g-oai-cucp	15183872
rfsim5g-oai-cucp	15200256
rfsim5g-oai-cucp	15216640
rfsim5g-oai-cucp	15224832
rfsim5g-oai-cucp	15245312
rfsim5g-oai-cucp	15257600
rfsim5g-oai-cucp	15396864
rfsim5g-oai-cucp	15286272
rfsim5g-oai-cucp	15302656
rfsim5g-oai-cucp	15314944
rfsim5g-oai-cucp	15327232
rfsim5g-oai-cucp	15339520
rfsim5g-oai-cucp	15355904
rfsim5g-oai-cucp	15372288
rfsim5g-oai-cucp	15388672
rfsim5g-oai-cucp	15400960
rfsim5g-oai-cucp	15417344
rfsim5g-oai-cucp	15429632
rfsim5g-oai-cucp	15441920
rfsim5g-oai-cucp	15458304
rfsim5g-oai-cucp	15470592
rfsim5g-oai-cucp	15486976
rfsim5g-oai-cucp	15499264
rfsim5g-oai-cucp	15515648
rfsim5g-oai-cucp	15527936
rfsim5g-oai-cucp	15544320
rfsim5g-oai-cucp	15560704
rfsim5g-oai-cucp	15572992
rfsim5g-oai-cucp	15585280
rfsim5g-oai-cucp	15605760
rfsim5g-oai-cucp	15618048
rfsim5g-oai-cucp	15630336
rfsim5g-oai-cucp	15642624
rfsim5g-oai-cucp	15663104
rfsim5g-oai-cucp	15671296
rfsim5g-oai-cucp	15687680
rfsim5g-oai-cucp	15699968
rfsim5g-oai-cucp	15716352
rfsim5g-oai-cucp	15728640
rfsim5g-oai-cucp	15745024
rfsim5g-oai-cucp	15757312
rfsim5g-oai-cucp	15773696
rfsim5g-oai-cucp	15785984
rfsim5g-oai-cucp	15802368
rfsim5g-oai-cucp	15814656
rfsim5g-oai-cucp	15831040
rfsim5g-oai-cucp	15847424
rfsim5g-oai-cucp	15863808
rfsim5g-oai-cucp	15876096
rfsim5g-oai-cucp	15892480
rfsim5g-oai-cucp	16031744
rfsim5g-oai-cucp	15917056
rfsim5g-oai-cucp	15937536
rfsim5g-oai-cucp	15949824
rfsim5g-oai-cucp	15962112
rfsim5g-oai-cucp	15978496
rfsim5g-oai-cucp	15994880
rfsim5g-oai-cucp	16003072
rfsim5g-oai-cucp	16019456
rfsim5g-oai-cucp	16035840
rfsim5g-oai-cucp	16052224
rfsim5g-oai-cucp	16068608
rfsim5g-oai-cucp	16080896
rfsim5g-oai-cucp	16093184
rfsim5g-oai-cucp	16109568
rfsim5g-oai-cucp	16121856
rfsim5g-oai-cucp	16134144
rfsim5g-oai-cucp	16150528
rfsim5g-oai-cucp	16166912
rfsim5g-oai-cucp	16179200
rfsim5g-oai-cucp	16195584
rfsim5g-oai-cucp	16203776
rfsim5g-oai-cucp	16224256
rfsim5g-oai-cucp	16236544
rfsim5g-oai-cucp	16252928
rfsim5g-oai-cucp	16265216
rfsim5g-oai-cucp	16281600
rfsim5g-oai-cucp	16289792
rfsim5g-oai-cucp	16310272
rfsim5g-oai-cucp	16322560
rfsim5g-oai-cucp	16461824
rfsim5g-oai-cucp	16355328
rfsim5g-oai-cucp	16363520
rfsim5g-oai-cucp	16384000
rfsim5g-oai-cucp	16392192
rfsim5g-oai-cucp	16412672
rfsim5g-oai-cucp	16424960
rfsim5g-oai-cucp	16441344
rfsim5g-oai-cucp	16449536
rfsim5g-oai-cucp	16470016
rfsim5g-oai-cucp	16605184
rfsim5g-oai-cucp	16498688
rfsim5g-oai-cucp	16510976
rfsim5g-oai-cucp	16527360
rfsim5g-oai-cucp	16662528
rfsim5g-oai-cucp	16556032
rfsim5g-oai-cucp	16568320
rfsim5g-oai-cucp	16580608
rfsim5g-oai-cucp	16596992
rfsim5g-oai-cucp	16613376
rfsim5g-oai-cucp	16625664
rfsim5g-oai-cucp	16642048
rfsim5g-oai-cucp	16650240
rfsim5g-oai-cucp	16666624
rfsim5g-oai-cucp	16683008
rfsim5g-oai-cucp	16699392
rfsim5g-oai-cucp	16711680
rfsim5g-oai-cucp	16728064
rfsim5g-oai-cucp	16744448
rfsim5g-oai-cucp	16752640
rfsim5g-oai-cucp	16764928
rfsim5g-oai-cucp	16785408
rfsim5g-oai-cucp	16801792
rfsim5g-oai-cucp	16814080
rfsim5g-oai-cucp	16830464
rfsim5g-oai-cucp	16838656
rfsim5g-oai-cucp	16859136
rfsim5g-oai-cucp	16871424
rfsim5g-oai-cucp	16887808
rfsim5g-oai-cucp	16900096
rfsim5g-oai-cucp	16916480
rfsim5g-oai-cucp	16928768
rfsim5g-oai-cucp	16945152
rfsim5g-oai-cucp	16957440
rfsim5g-oai-cucp	16973824
rfsim5g-oai-cucp	17113088
rfsim5g-oai-cucp	17006592
rfsim5g-oai-cucp	17018880
rfsim5g-oai-cucp	17035264
rfsim5g-oai-cucp	17043456
rfsim5g-oai-cucp	17063936
rfsim5g-oai-cucp	17076224
rfsim5g-oai-cucp	17092608
rfsim5g-oai-cucp	17104896
rfsim5g-oai-cucp	17121280
rfsim5g-oai-cucp	17129472
rfsim5g-oai-cucp	17149952
rfsim5g-oai-cucp	17162240
rfsim5g-oai-cucp	17203200
rfsim5g-oai-cucp	17190912
rfsim5g-oai-cucp	17207296
rfsim5g-oai-cucp	17219584
rfsim5g-oai-cucp	17231872
rfsim5g-oai-cucp	17248256
rfsim5g-oai-cucp	17264640
rfsim5g-oai-cucp	17281024
rfsim5g-oai-cucp	17289216
rfsim5g-oai-cucp	17305600
rfsim5g-oai-cucp	17317888
rfsim5g-oai-cucp	17338368
rfsim5g-oai-cucp	17350656
rfsim5g-oai-cucp	17367040
rfsim5g-oai-cucp	17383424
rfsim5g-oai-cucp	17399808
rfsim5g-oai-cucp	17412096
rfsim5g-oai-cucp	17428480
rfsim5g-oai-cucp	17440768
rfsim5g-oai-cucp	17453056
rfsim5g-oai-cucp	17469440
rfsim5g-oai-cucp	17485824
rfsim5g-oai-cucp	17498112
rfsim5g-oai-cucp	17514496
rfsim5g-oai-cucp	17522688
rfsim5g-oai-cucp	17539072
rfsim5g-oai-cucp	17555456
rfsim5g-oai-cucp	17571840
rfsim5g-oai-cucp	17584128
rfsim5g-oai-cucp	17600512
rfsim5g-oai-cucp	17735680
rfsim5g-oai-cucp	17629184
rfsim5g-oai-cucp	17641472
rfsim5g-oai-cucp	17657856
rfsim5g-oai-cucp	17670144
rfsim5g-oai-cucp	17686528
rfsim5g-oai-cucp	17694720
rfsim5g-oai-cucp	17838080
rfsim5g-oai-cucp	17727488
rfsim5g-oai-cucp	17743872
rfsim5g-oai-cucp	17756160
rfsim5g-oai-cucp	17768448
rfsim5g-oai-cucp	17784832
rfsim5g-oai-cucp	17801216
rfsim5g-oai-cucp	17813504
rfsim5g-oai-cucp	17829888
rfsim5g-oai-cucp	17842176
rfsim5g-oai-cucp	17858560
rfsim5g-oai-cucp	17866752
rfsim5g-oai-cucp	18010112
rfsim5g-oai-cucp	17899520
rfsim5g-oai-cucp	17915904
rfsim5g-oai-cucp	17932288
rfsim5g-oai-cucp	17944576
rfsim5g-oai-cucp	17960960
rfsim5g-oai-cucp	17973248
rfsim5g-oai-cucp	17989632
rfsim5g-oai-cucp	18124800
rfsim5g-oai-cucp	18018304
rfsim5g-oai-cucp	18030592
rfsim5g-oai-cucp	18046976
rfsim5g-oai-cucp	18059264
rfsim5g-oai-cucp	18075648
rfsim5g-oai-cucp	18083840
rfsim5g-oai-cucp	18104320
rfsim5g-oai-cucp	18145280
rfsim5g-oai-cucp	18255872
rfsim5g-oai-cucp	18145280
rfsim5g-oai-cucp	18161664
rfsim5g-oai-cucp	18169856
rfsim5g-oai-cucp	18190336
rfsim5g-oai-cucp	18202624
rfsim5g-oai-cucp	18214912
rfsim5g-oai-cucp	18227200
rfsim5g-oai-cucp	18243584
rfsim5g-oai-cucp	18255872
rfsim5g-oai-cucp	18276352
rfsim5g-oai-cucp	18292736
rfsim5g-oai-cucp	18305024
rfsim5g-oai-cucp	18317312
rfsim5g-oai-cucp	18333696
rfsim5g-oai-cucp	18350080
rfsim5g-oai-cucp	18362368
rfsim5g-oai-cucp	18374656
rfsim5g-oai-cucp	18391040
rfsim5g-oai-cucp	18407424
rfsim5g-oai-cucp	18419712
rfsim5g-oai-cucp	18436096
rfsim5g-oai-cucp	18448384
rfsim5g-oai-cucp	18460672
rfsim5g-oai-cucp	18477056
rfsim5g-oai-cucp	18493440
rfsim5g-oai-cucp	18505728
rfsim5g-oai-cucp	18644992
rfsim5g-oai-cucp	18530304
rfsim5g-oai-cucp	18550784
rfsim5g-oai-cucp	18563072
rfsim5g-oai-cucp	18579456
rfsim5g-oai-cucp	18591744
rfsim5g-oai-cucp	18608128
rfsim5g-oai-cucp	18620416
rfsim5g-oai-cucp	18632704
rfsim5g-oai-cucp	18771968
rfsim5g-oai-cucp	18661376
rfsim5g-oai-cucp	18677760
rfsim5g-oai-cucp	18694144
rfsim5g-oai-cucp	18702336
rfsim5g-oai-cucp	18718720
rfsim5g-oai-cucp	18735104
rfsim5g-oai-cucp	18751488
rfsim5g-oai-cucp	18763776
rfsim5g-oai-cucp	18780160
rfsim5g-oai-cucp	18919424
rfsim5g-oai-cucp	18931712
rfsim5g-oai-cucp	18825216
rfsim5g-oai-cucp	18833408
rfsim5g-oai-cucp	18853888
rfsim5g-oai-cucp	18862080
rfsim5g-oai-cucp	18882560
rfsim5g-oai-cucp	18890752
rfsim5g-oai-cucp	18911232
rfsim5g-oai-cucp	18923520
rfsim5g-oai-cucp	18935808
rfsim5g-oai-cucp	18952192
rfsim5g-oai-cucp	18968576
rfsim5g-oai-cucp	18980864
rfsim5g-oai-cucp	18993152
rfsim5g-oai-cucp	19005440
rfsim5g-oai-cucp	19025920
rfsim5g-oai-cucp	19038208
rfsim5g-oai-cucp	19054592
rfsim5g-oai-cucp	19070976
rfsim5g-oai-cucp	19087360
rfsim5g-oai-cucp	19095552
rfsim5g-oai-cucp	19111936
rfsim5g-oai-cucp	19128320
rfsim5g-oai-cucp	19140608
rfsim5g-oai-cucp	19156992
rfsim5g-oai-cucp	19169280
rfsim5g-oai-cucp	19230720
rfsim5g-oai-cucp	19197952
rfsim5g-oai-cucp	19218432
rfsim5g-oai-cucp	19230720
rfsim5g-oai-cucp	19247104
rfsim5g-oai-cucp	19259392
rfsim5g-oai-cucp	19275776
rfsim5g-oai-cucp	19288064
rfsim5g-oai-cucp	19304448
rfsim5g-oai-cucp	19316736
rfsim5g-oai-cucp	19333120
rfsim5g-oai-cucp	19345408
rfsim5g-oai-cucp	19361792
rfsim5g-oai-cucp	19369984
rfsim5g-oai-cucp	19390464
rfsim5g-oai-cucp	19402752
rfsim5g-oai-cucp	19419136
rfsim5g-oai-cucp	19431424
rfsim5g-oai-cucp	19443712
rfsim5g-oai-cucp	19472384
rfsim5g-oai-cucp	19476480
rfsim5g-oai-cucp	19488768
rfsim5g-oai-cucp	19505152
rfsim5g-oai-cucp	19517440
rfsim5g-oai-cucp	19533824
rfsim5g-oai-cucp	19546112
rfsim5g-oai-cucp	19562496
rfsim5g-oai-cucp	19701760
rfsim5g-oai-cucp	19595264
rfsim5g-oai-cucp	19607552
rfsim5g-oai-cucp	19619840
rfsim5g-oai-cucp	19636224
rfsim5g-oai-cucp	19652608
rfsim5g-oai-cucp	19664896
rfsim5g-oai-cucp	19681280
rfsim5g-oai-cucp	19693568
rfsim5g-oai-cucp	19709952
rfsim5g-oai-cucp	19845120
rfsim5g-oai-cucp	19738624
rfsim5g-oai-cucp	19750912
rfsim5g-oai-cucp	19763200
rfsim5g-oai-cucp	19779584
rfsim5g-oai-cucp	19791872
rfsim5g-oai-cucp	19808256
rfsim5g-oai-cucp	19824640
rfsim5g-oai-cucp	19836928
rfsim5g-oai-cucp	19857408
rfsim5g-oai-cucp	19869696
rfsim5g-oai-cucp	19881984
rfsim5g-oai-cucp	19898368
rfsim5g-oai-cucp	19906560
rfsim5g-oai-cucp	19927040
rfsim5g-oai-cucp	19939328
rfsim5g-oai-cucp	19955712
rfsim5g-oai-cucp	19963904
rfsim5g-oai-cucp	19984384
rfsim5g-oai-cucp	19996672
rfsim5g-oai-cucp	20013056
rfsim5g-oai-cucp	20021248
rfsim5g-oai-cucp	20041728
rfsim5g-oai-cucp	20176896
rfsim5g-oai-cucp	20066304
rfsim5g-oai-cucp	20078592
rfsim5g-oai-cucp	20094976
rfsim5g-oai-cucp	20111360
rfsim5g-oai-cucp	20131840
rfsim5g-oai-cucp	20144128
rfsim5g-oai-cucp	20156416
rfsim5g-oai-cucp	20164608
rfsim5g-oai-cucp	20185088
rfsim5g-oai-cucp	20193280
rfsim5g-oai-cucp	20213760
rfsim5g-oai-cucp	20348928
rfsim5g-oai-cucp	20365312
rfsim5g-oai-cucp	20258816
rfsim5g-oai-cucp	20271104
rfsim5g-oai-cucp	20410368
rfsim5g-oai-cucp	20422656
rfsim5g-oai-cucp	20312064
rfsim5g-oai-cucp	20328448
rfsim5g-oai-cucp	20344832
rfsim5g-oai-cucp	20357120
rfsim5g-oai-cucp	20373504
rfsim5g-oai-cucp	20385792
rfsim5g-oai-cucp	20398080
rfsim5g-oai-cucp	20537344
rfsim5g-oai-cucp	20430848
rfsim5g-oai-cucp	20439040
rfsim5g-oai-cucp	20582400
rfsim5g-oai-cucp	20471808
rfsim5g-oai-cucp	20484096
rfsim5g-oai-cucp	20500480
rfsim5g-oai-cucp	20516864
rfsim5g-oai-cucp	20529152
rfsim5g-oai-cucp	20545536
rfsim5g-oai-cucp	20557824
rfsim5g-oai-cucp	20574208
rfsim5g-oai-cucp	20586496
rfsim5g-oai-cucp	20602880
rfsim5g-oai-cucp	20615168
rfsim5g-oai-cucp	20631552
rfsim5g-oai-cucp	20643840
rfsim5g-oai-cucp	20660224
rfsim5g-oai-cucp	20672512
rfsim5g-oai-cucp	20688896
rfsim5g-oai-cucp	20705280
rfsim5g-oai-cucp	20717568
rfsim5g-oai-cucp	20729856
rfsim5g-oai-cucp	20742144
rfsim5g-oai-cucp	20762624
rfsim5g-oai-cucp	20774912
rfsim5g-oai-cucp	20791296
rfsim5g-oai-cucp	20799488
rfsim5g-oai-cucp	20815872
rfsim5g-oai-cucp	20828160
rfsim5g-oai-cucp	20848640
rfsim5g-oai-cucp	20856832
rfsim5g-oai-cucp	20877312
rfsim5g-oai-cucp	20889600
rfsim5g-oai-cucp	20901888
rfsim5g-oai-cucp	20918272
rfsim5g-oai-cucp	20930560
rfsim5g-oai-cucp	20946944
rfsim5g-oai-cucp	20963328
rfsim5g-oai-cucp	20971520
rfsim5g-oai-cucp	20987904
rfsim5g-oai-cucp	21000192
rfsim5g-oai-cucp	21020672
rfsim5g-oai-cucp	21032960
rfsim5g-oai-cucp	21049344
rfsim5g-oai-cucp	21061632
rfsim5g-oai-cucp	21078016
rfsim5g-oai-cucp	21086208
rfsim5g-oai-cucp	21106688
rfsim5g-oai-cucp	21118976
rfsim5g-oai-cucp	21135360
rfsim5g-oai-cucp	21143552
rfsim5g-oai-cucp	21168128
rfsim5g-oai-cucp	21184512
rfsim5g-oai-cucp	21196800
rfsim5g-oai-cucp	21213184
rfsim5g-oai-cucp	21225472
rfsim5g-oai-cucp	21241856
rfsim5g-oai-cucp	21254144
rfsim5g-oai-cucp	21393408
rfsim5g-oai-cucp	21282816
rfsim5g-oai-cucp	21299200
rfsim5g-oai-cucp	21307392
rfsim5g-oai-cucp	21450752
rfsim5g-oai-cucp	21340160
rfsim5g-oai-cucp	21352448
rfsim5g-oai-cucp	21368832
rfsim5g-oai-cucp	21385216
rfsim5g-oai-cucp	21393408
rfsim5g-oai-cucp	21409792
rfsim5g-oai-cucp	21426176
rfsim5g-oai-cucp	21442560
rfsim5g-oai-cucp	21454848
rfsim5g-oai-cucp	21471232
rfsim5g-oai-cucp	21483520
rfsim5g-oai-cucp	21499904
rfsim5g-oai-cucp	21512192
rfsim5g-oai-cucp	21528576
rfsim5g-oai-cucp	21536768
rfsim5g-oai-cucp	21557248
rfsim5g-oai-cucp	21569536
rfsim5g-oai-cucp	21585920
rfsim5g-oai-cucp	21598208
rfsim5g-oai-cucp	21614592
rfsim5g-oai-cucp	21626880
rfsim5g-oai-cucp	21643264
rfsim5g-oai-cucp	21659648
rfsim5g-oai-cucp	21671936
rfsim5g-oai-cucp	21688320
rfsim5g-oai-cucp	21823488
rfsim5g-oai-cucp	21716992
rfsim5g-oai-cucp	21725184
rfsim5g-oai-cucp	21745664
rfsim5g-oai-cucp	21880832
rfsim5g-oai-cucp	21778432
rfsim5g-oai-cucp	21909504
rfsim5g-oai-cucp	21803008
rfsim5g-oai-cucp	21815296
rfsim5g-oai-cucp	21831680
rfsim5g-oai-cucp	21843968
rfsim5g-oai-cucp	21856256
rfsim5g-oai-cucp	22024192
rfsim5g-oai-cucp	21889024
rfsim5g-oai-cucp	21905408
rfsim5g-oai-cucp	22044672
rfsim5g-oai-cucp	21929984
rfsim5g-oai-cucp	22073344
rfsim5g-oai-cucp	21962752
rfsim5g-oai-cucp	21979136
rfsim5g-oai-cucp	21991424
rfsim5g-oai-cucp	22007808
rfsim5g-oai-cucp	22016000
rfsim5g-oai-cucp	22036480
rfsim5g-oai-cucp	22048768
