Container	Memory-usage(bytes)
rfsim5g-oai-du	16130048
rfsim5g-oai-du	16326656
rfsim5g-oai-du	16338944
rfsim5g-oai-du	16355328
rfsim5g-oai-du	16367616
rfsim5g-oai-du	16384000
rfsim5g-oai-du	16396288
rfsim5g-oai-du	16412672
rfsim5g-oai-du	16424960
rfsim5g-oai-du	16445440
rfsim5g-oai-du	16453632
rfsim5g-oai-du	16474112
rfsim5g-oai-du	16482304
rfsim5g-oai-du	16498688
rfsim5g-oai-du	16519168
rfsim5g-oai-du	16527360
rfsim5g-oai-du	16543744
rfsim5g-oai-du	16560128
rfsim5g-oai-du	16572416
rfsim5g-oai-du	16588800
rfsim5g-oai-du	16601088
rfsim5g-oai-du	16613376
rfsim5g-oai-du	16629760
rfsim5g-oai-du	16642048
rfsim5g-oai-du	16658432
rfsim5g-oai-du	16674816
rfsim5g-oai-du	16687104
rfsim5g-oai-du	16699392
rfsim5g-oai-du	16715776
rfsim5g-oai-du	16728064
rfsim5g-oai-du	16744448
rfsim5g-oai-du	16760832
rfsim5g-oai-du	16777216
rfsim5g-oai-du	16785408
rfsim5g-oai-du	16801792
rfsim5g-oai-du	16814080
rfsim5g-oai-du	16834560
rfsim5g-oai-du	16842752
rfsim5g-oai-du	16859136
rfsim5g-oai-du	16871424
rfsim5g-oai-du	16887808
rfsim5g-oai-du	16900096
rfsim5g-oai-du	16916480
rfsim5g-oai-du	16932864
rfsim5g-oai-du	16945152
rfsim5g-oai-du	17088512
rfsim5g-oai-du	16977920
rfsim5g-oai-du	16990208
rfsim5g-oai-du	17010688
rfsim5g-oai-du	17018880
rfsim5g-oai-du	17035264
rfsim5g-oai-du	17051648
rfsim5g-oai-du	17063936
rfsim5g-oai-du	17076224
rfsim5g-oai-du	17092608
rfsim5g-oai-du	17108992
rfsim5g-oai-du	17125376
rfsim5g-oai-du	17141760
rfsim5g-oai-du	17149952
rfsim5g-oai-du	17166336
rfsim5g-oai-du	17178624
rfsim5g-oai-du	17195008
rfsim5g-oai-du	17207296
rfsim5g-oai-du	17223680
rfsim5g-oai-du	17235968
rfsim5g-oai-du	17252352
rfsim5g-oai-du	17264640
rfsim5g-oai-du	17285120
rfsim5g-oai-du	17293312
rfsim5g-oai-du	17313792
rfsim5g-oai-du	17321984
rfsim5g-oai-du	17338368
rfsim5g-oai-du	17350656
rfsim5g-oai-du	17367040
rfsim5g-oai-du	17379328
rfsim5g-oai-du	17395712
rfsim5g-oai-du	17412096
rfsim5g-oai-du	17428480
rfsim5g-oai-du	17436672
rfsim5g-oai-du	17453056
rfsim5g-oai-du	17465344
rfsim5g-oai-du	17481728
rfsim5g-oai-du	17494016
rfsim5g-oai-du	17510400
rfsim5g-oai-du	17526784
rfsim5g-oai-du	17539072
rfsim5g-oai-du	17559552
rfsim5g-oai-du	17567744
rfsim5g-oai-du	17584128
rfsim5g-oai-du	17596416
rfsim5g-oai-du	17612800
rfsim5g-oai-du	17625088
rfsim5g-oai-du	17641472
rfsim5g-oai-du	17653760
rfsim5g-oai-du	17670144
rfsim5g-oai-du	17682432
rfsim5g-oai-du	17698816
rfsim5g-oai-du	17711104
rfsim5g-oai-du	17731584
rfsim5g-oai-du	17743872
rfsim5g-oai-du	17756160
rfsim5g-oai-du	17768448
rfsim5g-oai-du	17784832
rfsim5g-oai-du	17846272
rfsim5g-oai-du	17817600
rfsim5g-oai-du	17825792
rfsim5g-oai-du	17842176
rfsim5g-oai-du	17854464
rfsim5g-oai-du	17870848
rfsim5g-oai-du	17883136
rfsim5g-oai-du	17899520
rfsim5g-oai-du	17911808
rfsim5g-oai-du	17928192
rfsim5g-oai-du	17940480
rfsim5g-oai-du	17956864
rfsim5g-oai-du	17969152
rfsim5g-oai-du	17989632
rfsim5g-oai-du	18001920
rfsim5g-oai-du	18014208
rfsim5g-oai-du	18030592
rfsim5g-oai-du	18046976
rfsim5g-oai-du	18059264
rfsim5g-oai-du	18075648
rfsim5g-oai-du	18092032
rfsim5g-oai-du	18100224
rfsim5g-oai-du	18116608
rfsim5g-oai-du	18128896
rfsim5g-oai-du	18149376
rfsim5g-oai-du	18157568
rfsim5g-oai-du	18178048
rfsim5g-oai-du	18186240
rfsim5g-oai-du	18202624
rfsim5g-oai-du	18214912
rfsim5g-oai-du	18231296
rfsim5g-oai-du	18243584
rfsim5g-oai-du	18264064
rfsim5g-oai-du	18276352
rfsim5g-oai-du	18292736
rfsim5g-oai-du	18305024
rfsim5g-oai-du	18325504
rfsim5g-oai-du	18333696
rfsim5g-oai-du	18350080
rfsim5g-oai-du	18362368
rfsim5g-oai-du	18378752
rfsim5g-oai-du	18395136
rfsim5g-oai-du	18407424
rfsim5g-oai-du	18419712
rfsim5g-oai-du	18436096
rfsim5g-oai-du	18452480
rfsim5g-oai-du	18464768
rfsim5g-oai-du	18481152
rfsim5g-oai-du	18493440
rfsim5g-oai-du	18518016
rfsim5g-oai-du	18526208
rfsim5g-oai-du	18538496
rfsim5g-oai-du	18550784
rfsim5g-oai-du	18571264
rfsim5g-oai-du	18583552
rfsim5g-oai-du	18595840
rfsim5g-oai-du	18612224
rfsim5g-oai-du	18624512
rfsim5g-oai-du	18636800
rfsim5g-oai-du	18653184
rfsim5g-oai-du	18665472
rfsim5g-oai-du	18681856
rfsim5g-oai-du	18694144
rfsim5g-oai-du	18710528
rfsim5g-oai-du	18726912
rfsim5g-oai-du	18739200
rfsim5g-oai-du	18788352
rfsim5g-oai-du	18804736
rfsim5g-oai-du	18817024
rfsim5g-oai-du	18833408
rfsim5g-oai-du	18845696
rfsim5g-oai-du	18866176
rfsim5g-oai-du	18874368
rfsim5g-oai-du	18894848
rfsim5g-oai-du	18911232
rfsim5g-oai-du	18919424
rfsim5g-oai-du	18931712
rfsim5g-oai-du	18952192
rfsim5g-oai-du	18968576
rfsim5g-oai-du	18976768
rfsim5g-oai-du	18997248
rfsim5g-oai-du	19005440
rfsim5g-oai-du	19021824
rfsim5g-oai-du	19034112
rfsim5g-oai-du	19050496
rfsim5g-oai-du	19062784
rfsim5g-oai-du	19079168
rfsim5g-oai-du	19091456
rfsim5g-oai-du	19107840
rfsim5g-oai-du	19120128
rfsim5g-oai-du	19136512
rfsim5g-oai-du	19148800
rfsim5g-oai-du	19169280
rfsim5g-oai-du	19181568
rfsim5g-oai-du	19197952
rfsim5g-oai-du	19210240
rfsim5g-oai-du	19226624
rfsim5g-oai-du	19238912
rfsim5g-oai-du	19255296
rfsim5g-oai-du	19267584
rfsim5g-oai-du	19283968
rfsim5g-oai-du	19296256
rfsim5g-oai-du	19312640
rfsim5g-oai-du	19324928
rfsim5g-oai-du	19341312
rfsim5g-oai-du	19357696
rfsim5g-oai-du	19369984
rfsim5g-oai-du	19386368
rfsim5g-oai-du	19398656
rfsim5g-oai-du	19410944
rfsim5g-oai-du	19427328
rfsim5g-oai-du	19439616
rfsim5g-oai-du	19456000
rfsim5g-oai-du	19476480
rfsim5g-oai-du	19484672
rfsim5g-oai-du	19496960
rfsim5g-oai-du	19513344
rfsim5g-oai-du	19529728
rfsim5g-oai-du	19546112
rfsim5g-oai-du	19554304
rfsim5g-oai-du	19574784
rfsim5g-oai-du	19587072
rfsim5g-oai-du	19603456
rfsim5g-oai-du	19685376
rfsim5g-oai-du	19632128
rfsim5g-oai-du	19644416
rfsim5g-oai-du	19660800
rfsim5g-oai-du	19677184
rfsim5g-oai-du	19685376
rfsim5g-oai-du	19701760
rfsim5g-oai-du	19714048
rfsim5g-oai-du	19730432
rfsim5g-oai-du	19742720
rfsim5g-oai-du	19759104
rfsim5g-oai-du	19771392
rfsim5g-oai-du	19787776
rfsim5g-oai-du	19800064
rfsim5g-oai-du	19820544
rfsim5g-oai-du	19832832
rfsim5g-oai-du	19845120
rfsim5g-oai-du	19857408
rfsim5g-oai-du	19873792
rfsim5g-oai-du	19886080
rfsim5g-oai-du	19902464
rfsim5g-oai-du	19914752
rfsim5g-oai-du	19931136
rfsim5g-oai-du	19947520
rfsim5g-oai-du	19959808
rfsim5g-oai-du	19972096
rfsim5g-oai-du	19988480
rfsim5g-oai-du	20004864
rfsim5g-oai-du	20017152
rfsim5g-oai-du	20033536
rfsim5g-oai-du	20045824
rfsim5g-oai-du	20066304
rfsim5g-oai-du	20074496
rfsim5g-oai-du	20090880
rfsim5g-oai-du	20103168
rfsim5g-oai-du	20119552
rfsim5g-oai-du	20131840
rfsim5g-oai-du	20148224
rfsim5g-oai-du	20193280
rfsim5g-oai-du	20226048
rfsim5g-oai-du	20189184
rfsim5g-oai-du	20209664
rfsim5g-oai-du	20217856
rfsim5g-oai-du	20238336
rfsim5g-oai-du	20250624
rfsim5g-oai-du	20262912
rfsim5g-oai-du	20275200
rfsim5g-oai-du	20291584
rfsim5g-oai-du	20303872
rfsim5g-oai-du	20320256
rfsim5g-oai-du	20332544
rfsim5g-oai-du	20348928
rfsim5g-oai-du	20365312
rfsim5g-oai-du	20377600
rfsim5g-oai-du	20389888
rfsim5g-oai-du	20406272
rfsim5g-oai-du	20426752
rfsim5g-oai-du	20439040
rfsim5g-oai-du	20459520
rfsim5g-oai-du	20467712
rfsim5g-oai-du	20484096
rfsim5g-oai-du	20496384
rfsim5g-oai-du	20512768
rfsim5g-oai-du	20525056
rfsim5g-oai-du	20541440
rfsim5g-oai-du	20557824
rfsim5g-oai-du	20570112
rfsim5g-oai-du	20582400
rfsim5g-oai-du	20598784
rfsim5g-oai-du	20611072
rfsim5g-oai-du	20627456
rfsim5g-oai-du	20639744
rfsim5g-oai-du	20656128
rfsim5g-oai-du	20668416
rfsim5g-oai-du	20688896
rfsim5g-oai-du	20697088
rfsim5g-oai-du	20717568
rfsim5g-oai-du	20725760
rfsim5g-oai-du	20742144
rfsim5g-oai-du	20754432
rfsim5g-oai-du	20770816
rfsim5g-oai-du	20787200
rfsim5g-oai-du	20799488
rfsim5g-oai-du	20815872
rfsim5g-oai-du	20828160
rfsim5g-oai-du	20840448
rfsim5g-oai-du	20856832
rfsim5g-oai-du	20873216
rfsim5g-oai-du	20885504
rfsim5g-oai-du	20901888
rfsim5g-oai-du	20914176
rfsim5g-oai-du	20930560
rfsim5g-oai-du	20946944
rfsim5g-oai-du	20959232
rfsim5g-oai-du	20971520
rfsim5g-oai-du	20992000
rfsim5g-oai-du	21000192
rfsim5g-oai-du	21020672
rfsim5g-oai-du	21028864
rfsim5g-oai-du	21049344
rfsim5g-oai-du	21057536
rfsim5g-oai-du	21073920
rfsim5g-oai-du	21086208
rfsim5g-oai-du	21106688
rfsim5g-oai-du	21114880
rfsim5g-oai-du	21131264
rfsim5g-oai-du	21143552
rfsim5g-oai-du	21159936
rfsim5g-oai-du	21172224
rfsim5g-oai-du	21188608
rfsim5g-oai-du	21200896
rfsim5g-oai-du	21217280
rfsim5g-oai-du	21229568
rfsim5g-oai-du	21245952
rfsim5g-oai-du	21278720
rfsim5g-oai-du	21286912
rfsim5g-oai-du	21286912
rfsim5g-oai-du	21303296
rfsim5g-oai-du	21315584
rfsim5g-oai-du	21331968
rfsim5g-oai-du	21344256
rfsim5g-oai-du	21360640
rfsim5g-oai-du	21377024
rfsim5g-oai-du	21389312
rfsim5g-oai-du	21409792
rfsim5g-oai-du	21417984
rfsim5g-oai-du	21434368
rfsim5g-oai-du	21446656
rfsim5g-oai-du	21463040
rfsim5g-oai-du	21483520
rfsim5g-oai-du	21495808
rfsim5g-oai-du	21508096
rfsim5g-oai-du	21524480
rfsim5g-oai-du	21536768
rfsim5g-oai-du	21553152
rfsim5g-oai-du	21569536
rfsim5g-oai-du	21581824
rfsim5g-oai-du	21594112
rfsim5g-oai-du	21610496
rfsim5g-oai-du	21622784
rfsim5g-oai-du	21639168
rfsim5g-oai-du	21651456
rfsim5g-oai-du	21667840
rfsim5g-oai-du	21680128
rfsim5g-oai-du	21696512
rfsim5g-oai-du	21708800
rfsim5g-oai-du	21729280
rfsim5g-oai-du	21737472
rfsim5g-oai-du	21753856
rfsim5g-oai-du	21766144
rfsim5g-oai-du	21782528
rfsim5g-oai-du	21794816
rfsim5g-oai-du	21811200
rfsim5g-oai-du	21823488
rfsim5g-oai-du	21839872
rfsim5g-oai-du	21852160
rfsim5g-oai-du	21868544
rfsim5g-oai-du	21884928
rfsim5g-oai-du	21897216
rfsim5g-oai-du	21909504
rfsim5g-oai-du	21925888
rfsim5g-oai-du	21938176
rfsim5g-oai-du	21958656
rfsim5g-oai-du	21970944
rfsim5g-oai-du	21983232
rfsim5g-oai-du	21999616
rfsim5g-oai-du	22011904
rfsim5g-oai-du	22032384
rfsim5g-oai-du	22040576
rfsim5g-oai-du	22056960
rfsim5g-oai-du	22069248
rfsim5g-oai-du	22085632
rfsim5g-oai-du	22102016
rfsim5g-oai-du	22114304
rfsim5g-oai-du	22126592
rfsim5g-oai-du	22142976
rfsim5g-oai-du	22155264
rfsim5g-oai-du	22171648
rfsim5g-oai-du	22183936
rfsim5g-oai-du	22200320
rfsim5g-oai-du	22216704
rfsim5g-oai-du	22233088
rfsim5g-oai-du	22245376
rfsim5g-oai-du	22257664
rfsim5g-oai-du	22269952
rfsim5g-oai-du	22286336
rfsim5g-oai-du	22302720
rfsim5g-oai-du	22315008
rfsim5g-oai-du	22327296
rfsim5g-oai-du	22343680
rfsim5g-oai-du	22360064
rfsim5g-oai-du	22376448
rfsim5g-oai-du	22384640
rfsim5g-oai-du	22405120
rfsim5g-oai-du	22417408
rfsim5g-oai-du	22433792
rfsim5g-oai-du	22446080
rfsim5g-oai-du	22458368
rfsim5g-oai-du	22474752
rfsim5g-oai-du	22487040
rfsim5g-oai-du	22503424
rfsim5g-oai-du	22577152
rfsim5g-oai-du	22536192
rfsim5g-oai-du	22548480
rfsim5g-oai-du	22564864
rfsim5g-oai-du	22577152
rfsim5g-oai-du	22593536
rfsim5g-oai-du	22605824
rfsim5g-oai-du	22626304
rfsim5g-oai-du	22634496
rfsim5g-oai-du	22650880
rfsim5g-oai-du	22667264
rfsim5g-oai-du	22683648
rfsim5g-oai-du	22691840
rfsim5g-oai-du	22708224
rfsim5g-oai-du	22720512
rfsim5g-oai-du	22740992
rfsim5g-oai-du	22753280
rfsim5g-oai-du	22765568
rfsim5g-oai-du	22810624
rfsim5g-oai-du	22798336
rfsim5g-oai-du	22806528
rfsim5g-oai-du	22822912
rfsim5g-oai-du	22835200
rfsim5g-oai-du	22851584
rfsim5g-oai-du	22863872
rfsim5g-oai-du	22884352
rfsim5g-oai-du	22896640
rfsim5g-oai-du	22908928
rfsim5g-oai-du	22925312
rfsim5g-oai-du	22937600
rfsim5g-oai-du	22953984
rfsim5g-oai-du	22966272
rfsim5g-oai-du	22982656
rfsim5g-oai-du	22994944
rfsim5g-oai-du	23015424
rfsim5g-oai-du	23023616
rfsim5g-oai-du	23040000
rfsim5g-oai-du	23052288
rfsim5g-oai-du	23068672
rfsim5g-oai-du	23080960
rfsim5g-oai-du	23097344
rfsim5g-oai-du	23109632
rfsim5g-oai-du	23126016
rfsim5g-oai-du	23138304
rfsim5g-oai-du	23154688
rfsim5g-oai-du	23171072
rfsim5g-oai-du	23183360
rfsim5g-oai-du	23195648
rfsim5g-oai-du	23212032
rfsim5g-oai-du	23224320
rfsim5g-oai-du	23240704
rfsim5g-oai-du	23252992
rfsim5g-oai-du	23269376
rfsim5g-oai-du	23281664
rfsim5g-oai-du	23298048
rfsim5g-oai-du	23310336
rfsim5g-oai-du	23326720
rfsim5g-oai-du	23343104
rfsim5g-oai-du	23400448
rfsim5g-oai-du	23367680
rfsim5g-oai-du	23384064
rfsim5g-oai-du	23400448
rfsim5g-oai-du	23412736
rfsim5g-oai-du	23429120
rfsim5g-oai-du	23441408
rfsim5g-oai-du	23457792
rfsim5g-oai-du	23470080
rfsim5g-oai-du	23486464
rfsim5g-oai-du	23498752
rfsim5g-oai-du	23515136
rfsim5g-oai-du	23531520
rfsim5g-oai-du	23543808
rfsim5g-oai-du	23556096
rfsim5g-oai-du	23572480
rfsim5g-oai-du	23584768
rfsim5g-oai-du	23605248
rfsim5g-oai-du	23617536
rfsim5g-oai-du	23629824
rfsim5g-oai-du	23642112
rfsim5g-oai-du	23658496
rfsim5g-oai-du	23670784
rfsim5g-oai-du	23687168
rfsim5g-oai-du	23699456
rfsim5g-oai-du	23719936
rfsim5g-oai-du	23728128
rfsim5g-oai-du	23744512
rfsim5g-oai-du	23756800
rfsim5g-oai-du	23773184
rfsim5g-oai-du	23785472
rfsim5g-oai-du	23805952
rfsim5g-oai-du	23822336
rfsim5g-oai-du	23834624
rfsim5g-oai-du	23846912
rfsim5g-oai-du	23863296
rfsim5g-oai-du	23879680
rfsim5g-oai-du	23891968
rfsim5g-oai-du	23904256
rfsim5g-oai-du	23920640
rfsim5g-oai-du	23932928
rfsim5g-oai-du	23949312
rfsim5g-oai-du	23965696
rfsim5g-oai-du	23982080
rfsim5g-oai-du	23994368
rfsim5g-oai-du	24006656
rfsim5g-oai-du	24027136
rfsim5g-oai-du	24035328
rfsim5g-oai-du	24051712
rfsim5g-oai-du	24064000
rfsim5g-oai-du	24080384
rfsim5g-oai-du	24096768
rfsim5g-oai-du	24109056
rfsim5g-oai-du	24121344
rfsim5g-oai-du	24137728
rfsim5g-oai-du	24150016
rfsim5g-oai-du	24166400
rfsim5g-oai-du	24178688
rfsim5g-oai-du	24195072
rfsim5g-oai-du	24207360
rfsim5g-oai-du	24227840
rfsim5g-oai-du	24240128
rfsim5g-oai-du	24252416
rfsim5g-oai-du	24264704
rfsim5g-oai-du	24281088
rfsim5g-oai-du	24293376
rfsim5g-oai-du	24313856
rfsim5g-oai-du	24354816
rfsim5g-oai-du	24338432
rfsim5g-oai-du	24350720
rfsim5g-oai-du	24367104
rfsim5g-oai-du	24379392
rfsim5g-oai-du	24395776
rfsim5g-oai-du	24412160
rfsim5g-oai-du	24424448
rfsim5g-oai-du	24440832
rfsim5g-oai-du	24453120
rfsim5g-oai-du	24473600
rfsim5g-oai-du	24485888
rfsim5g-oai-du	24498176
rfsim5g-oai-du	24510464
rfsim5g-oai-du	24530944
rfsim5g-oai-du	24539136
rfsim5g-oai-du	24555520
rfsim5g-oai-du	24567808
rfsim5g-oai-du	24584192
rfsim5g-oai-du	24596480
rfsim5g-oai-du	26714112
rfsim5g-oai-du	24629248
rfsim5g-oai-du	24653824
rfsim5g-oai-du	24662016
rfsim5g-oai-du	24678400
rfsim5g-oai-du	24686592
rfsim5g-oai-du	24702976
rfsim5g-oai-du	24715264
rfsim5g-oai-du	24731648
rfsim5g-oai-du	24743936
rfsim5g-oai-du	24764416
rfsim5g-oai-du	24772608
rfsim5g-oai-du	24793088
rfsim5g-oai-du	24805376
rfsim5g-oai-du	24817664
rfsim5g-oai-du	24834048
rfsim5g-oai-du	24850432
rfsim5g-oai-du	24858624
rfsim5g-oai-du	24875008
rfsim5g-oai-du	24891392
rfsim5g-oai-du	24903680
rfsim5g-oai-du	24920064
rfsim5g-oai-du	24932352
rfsim5g-oai-du	24948736
rfsim5g-oai-du	24961024
rfsim5g-oai-du	24977408
rfsim5g-oai-du	24989696
rfsim5g-oai-du	25006080
